{"weight":{"a1P":-0.0313728042,"b1P":0.0286869742,"c1P":-0.0210168995,"d1P":-0.0212732647,"e1P":-0.0045719557,"f1P":0.0264354907,"g1P":0.0037347041,"h1P":-0.0099831372,"a2P":-0.0114528853,"b2P":0.0061559752,"c2P":-0.0388632491,"d2P":0.0234651789,"e2P":0.0115842307,"f2P":0.0073704049,"g2P":0.0192447379,"h2P":-0.0377828181,"a3P":0.0056728171,"b3P":-0.0091978833,"c3P":-0.0140825575,"d3P":-0.0080525959,"e3P":-0.0212900806,"f3P":-0.0275852438,"g3P":-0.0363256931,"h3P":-0.015074187,"a4P":-0.0018197997,"b4P":0.0178633723,"c4P":-0.0180057455,"d4P":0.0221630596,"e4P":0.0178193934,"f4P":0.0037247518,"g4P":0.0228531118,"h4P":0.0111051463,"a5P":-0.0255151019,"b5P":-0.0351720005,"c5P":0.0056393272,"d5P":-0.0145287421,"e5P":-0.0345349759,"f5P":0.017848717,"g5P":-0.0335141644,"h5P":0.0012733395,"a6P":-0.0237923022,"b6P":0.0051355963,"c6P":-0.0204924121,"d6P":0.0052649421,"e6P":-0.0097354911,"f6P":0.0068485714,"g6P":0.0116143534,"h6P":0.0112870922,"a7P":-0.0177135784,"b7P":-0.0309773535,"c7P":-0.0117505305,"d7P":-0.0017335343,"e7P":-0.037835665,"f7P":-0.0266078133,"g7P":0.0076792208,"h7P":0.0237772875,"a8P":-0.0056876075,"b8P":0.0245775841,"c8P":0.0300307907,"d8P":0.0304251797,"e8P":0.0041230507,"f8P":0.0114981718,"g8P":0.0121460184,"h8P":0.0037514754,"a1N":-0.0139255095,"b1N":-0.0118080368,"c1N":-0.002547249,"d1N":-0.0420121551,"e1N":-0.0111434907,"f1N":0.0010917489,"g1N":-0.0101760896,"h1N":0.0178406425,"a2N":-0.0036309175,"b2N":-0.0248836242,"c2N":0.0188323259,"d2N":-0.0063996012,"e2N":-0.0108438618,"f2N":-0.0152408509,"g2N":-0.0151139377,"h2N":0.0156602692,"a3N":-0.0330844596,"b3N":-0.0062051984,"c3N":-0.0048528118,"d3N":-0.0181986783,"e3N":-0.0089762062,"f3N":-0.0093319407,"g3N":-0.0229682531,"h3N":-0.0172791053,"a4N":-0.0010012052,"b4N":-0.0255388934,"c4N":-0.0170877576,"d4N":0.0189736616,"e4N":-0.0208496749,"f4N":-0.0195125192,"g4N":-0.0279785711,"h4N":-0.035111092,"a5N":0.0056791403,"b5N":0.0250976346,"c5N":-0.0186313372,"d5N":-0.0210831575,"e5N":-0.0371512361,"f5N":-0.0293169338,"g5N":-0.0127749564,"h5N":-0.0410777405,"a6N":-0.0166570768,"b6N":0.0117952144,"c6N":-0.0426414721,"d6N":-0.0323829018,"e6N":-0.0151858581,"f6N":0.0195781253,"g6N":0.0164758749,"h6N":0.0157788154,"a7N":0.0144925024,"b7N":-0.0047238399,"c7N":-0.0369202085,"d7N":0.0188547447,"e7N":-0.0044472101,"f7N":-0.020180678,"g7N":-0.024506608,"h7N":-0.0194625668,"a8N":0.0195623748,"b8N":-0.0057481178,"c8N":0.0229634177,"d8N":-0.0164329521,"e8N":-0.0188974608,"f8N":0.0230990723,"g8N":-0.0243824329,"h8N":-0.0394277573,"a1B":-0.0028824175,"b1B":-0.0094903773,"c1B":-0.021168476,"d1B":-0.0222369749,"e1B":-0.0051662023,"f1B":-0.0019902296,"g1B":-0.035821151,"h1B":0.0026470381,"a2B":0.0139961923,"b2B":-0.0279640835,"c2B":-0.0363900587,"d2B":-0.0407803431,"e2B":-0.0365115926,"f2B":0.0073480168,"g2B":-0.0254184976,"h2B":-0.0378986597,"a3B":-0.0404362492,"b3B":0.0045304964,"c3B":0.018238239,"d3B":-0.0142744305,"e3B":-0.0113856681,"f3B":-0.0000254375,"g3B":0.0231937617,"h3B":-0.0251677446,"a4B":-0.0401843674,"b4B":0.0037129645,"c4B":0.0014647071,"d4B":-0.0426257625,"e4B":-0.0442760438,"f4B":-0.0335744433,"g4B":-0.0399001092,"h4B":0.0003609143,"a5B":0.0113616837,"b5B":-0.0059520938,"c5B":0.0138456747,"d5B":-0.0137467133,"e5B":-0.013744344,"f5B":0.0097317137,"g5B":-0.0138190314,"h5B":0.0210620239,"a6B":0.0006052186,"b6B":-0.0359992012,"c6B":-0.0184937734,"d6B":-0.0261857659,"e6B":-0.0026113023,"f6B":-0.0263758395,"g6B":-0.0050121718,"h6B":0.0067823469,"a7B":-0.0222884472,"b7B":-0.0381293111,"c7B":-0.0199126769,"d7B":-0.0414185189,"e7B":0.0063973749,"f7B":0.0243445002,"g7B":0.0074100639,"h7B":-0.03037511,"a8B":-0.0410991758,"b8B":-0.0255932435,"c8B":-0.0115491142,"d8B":-0.002285674,"e8B":0.0029414308,"f8B":-0.0363098383,"g8B":-0.0253546983,"h8B":0.02585903,"a1R":-0.0099233044,"b1R":0.0178426318,"c1R":0.0004178659,"d1R":-0.0002512776,"e1R":-0.0211860202,"f1R":0.0195118356,"g1R":0.0114942202,"h1R":-0.0442492403,"a2R":-0.0326467864,"b2R":-0.025015993,"c2R":-0.0167530719,"d2R":0.0094621144,"e2R":-0.0278678238,"f2R":0.0094565479,"g2R":-0.0248825774,"h2R":0.0092956051,"a3R":0.0101245604,"b3R":-0.0259155128,"c3R":0.0261140596,"d3R":0.0188938975,"e3R":0.0060551343,"f3R":-0.0171258785,"g3R":-0.018481452,"h3R":-0.0397615619,"a4R":0.0171630643,"b4R":0.0196504667,"c4R":-0.0153816659,"d4R":-0.0090401908,"e4R":-0.0322756097,"f4R":-0.0125351734,"g4R":-0.0239230711,"h4R":-0.0184240565,"a5R":0.002042027,"b5R":-0.0289527122,"c5R":-0.0203228779,"d5R":0.0225046817,"e5R":-0.0002691672,"f5R":-0.0011062946,"g5R":-0.0096149677,"h5R":0.0164732207,"a6R":-0.0163928811,"b6R":-0.0258603524,"c6R":-0.0024611442,"d6R":-0.0223751925,"e6R":-0.0290014911,"f6R":0.0211577341,"g6R":-0.0439932086,"h6R":-0.01611921,"a7R":-0.0381141119,"b7R":-0.0247274265,"c7R":0.014428718,"d7R":-0.0106400009,"e7R":0.0249896497,"f7R":0.0046306602,"g7R":-0.0058337166,"h7R":0.008278219,"a8R":-0.0417523347,"b8R":0.0124725439,"c8R":0.0144896042,"d8R":0.0006555522,"e8R":-0.0429406092,"f8R":-0.0304811075,"g8R":0.0259332899,"h8R":-0.0196803901,"a1Q":-0.0377515107,"b1Q":0.012097639,"c1Q":-0.0285533126,"d1Q":-0.0283778124,"e1Q":-0.0084078694,"f1Q":-0.0273045041,"g1Q":-0.0264276564,"h1Q":0.0016353194,"a2Q":-0.0089916298,"b2Q":-0.0147684766,"c2Q":-0.0359723791,"d2Q":0.0016869665,"e2Q":-0.0324030183,"f2Q":-0.0063952138,"g2Q":-0.0124821868,"h2Q":-0.0141356578,"a3Q":0.0265503731,"b3Q":-0.0369170606,"c3Q":-0.0031744118,"d3Q":0.0147848045,"e3Q":-0.0403214805,"f3Q":-0.0159609746,"g3Q":0.0155916149,"h3Q":0.0255756062,"a4Q":-0.0042963498,"b4Q":-0.0038557691,"c4Q":0.002381783,"d4Q":-0.022647934,"e4Q":-0.0220302511,"f4Q":-0.0304390937,"g4Q":0.0257838089,"h4Q":-0.0009325844,"a5Q":-0.0251769889,"b5Q":0.0059663048,"c5Q":-0.0173861086,"d5Q":-0.0296565443,"e5Q":0.007340421,"f5Q":-0.0034417962,"g5Q":-0.036358092,"h5Q":-0.039390102,"a6Q":-0.0162636172,"b6Q":0.0005265262,"c6Q":-0.025878394,"d6Q":0.0075349985,"e6Q":-0.0241407659,"f6Q":0.012572052,"g6Q":-0.0370052494,"h6Q":0.0045151985,"a7Q":0.0047188536,"b7Q":-0.0022903858,"c7Q":0.0095964121,"d7Q":0.0163109228,"e7Q":-0.0415299498,"f7Q":0.0136964004,"g7Q":-0.033370629,"h7Q":-0.0431496017,"a8Q":0.014271142,"b8Q":0.0056025325,"c8Q":0.0281702001,"d8Q":-0.0314774849,"e8Q":-0.0051309154,"f8Q":0.0126744378,"g8Q":-0.0196382869,"h8Q":-0.0040662782,"a1K":0.008492955,"b1K":-0.0044711442,"c1K":-0.0352596603,"d1K":-0.0183586963,"e1K":0.0105342157,"f1K":0.0117956363,"g1K":0.0077084857,"h1K":-0.04067773,"a2K":-0.0064220396,"b2K":0.0101726772,"c2K":-0.0210994966,"d2K":-0.0031735071,"e2K":0.0043745693,"f2K":-0.0112629719,"g2K":-0.0102458922,"h2K":-0.0240936466,"a3K":-0.0141887078,"b3K":0.0170994569,"c3K":-0.0205725729,"d3K":0.0271744188,"e3K":-0.0286292024,"f3K":-0.0116185369,"g3K":-0.0225433465,"h3K":0.0249250364,"a4K":0.0277069937,"b4K":-0.0125078447,"c4K":0.0271022078,"d4K":0.0146419061,"e4K":-0.0051129567,"f4K":-0.0409011804,"g4K":-0.0174404588,"h4K":-0.0133696292,"a5K":0.0268474314,"b5K":0.01335824,"c5K":-0.036387939,"d5K":0.0207225718,"e5K":-0.0139675736,"f5K":-0.0012873844,"g5K":0.0002790707,"h5K":0.028390063,"a6K":-0.0249113198,"b6K":-0.0010604766,"c6K":0.0052064769,"d6K":0.0123949423,"e6K":-0.024391979,"f6K":-0.0296333656,"g6K":0.0016134898,"h6K":-0.0222177543,"a7K":-0.021918999,"b7K":-0.0136487847,"c7K":-0.0177099127,"d7K":-0.004760365,"e7K":-0.0089025684,"f7K":-0.0093610948,"g7K":-0.0408855528,"h7K":0.0073878868,"a8K":-0.0006977487,"b8K":0.0061092214,"c8K":0.0031490719,"d8K":-0.0414697789,"e8K":-0.0378614515,"f8K":-0.0163712539,"g8K":0.0246786866,"h8K":-0.0041668345,"K":0.0069596069,"Q":0.0129702231,"a1p":0.001605507,"b1p":0.0115739889,"c1p":-0.0308002457,"d1p":-0.0285140742,"e1p":-0.0105388295,"f1p":-0.0291400366,"g1p":-0.0161846839,"h1p":0.0039308928,"a2p":0.0069109625,"b2p":0.0250714067,"c2p":-0.0230712332,"d2p":-0.0201217271,"e2p":0.0166459139,"f2p":0.0094169164,"g2p":-0.0272045787,"h2p":0.0235546418,"a3p":0.0149410265,"b3p":-0.0177150909,"c3p":0.0259328075,"d3p":-0.0080389632,"e3p":-0.0299975015,"f3p":-0.0064291414,"g3p":-0.014553139,