{"weight":{"a1P":0.021073442,"b1P":-0.0304598473,"c1P":-0.0232171454,"d1P":0.0249285065,"e1P":-0.0183463246,"f1P":0.0310595818,"g1P":0.0322595574,"h1P":0.0220733322,"a2P":-0.0270287842,"b2P":0.0164974462,"c2P":-0.006960135,"d2P":0.0132743409,"e2P":-0.0351261124,"f2P":0.0045257937,"g2P":-0.0066110203,"h2P":-0.0375007614,"a3P":0.0079435399,"b3P":0.0237440914,"c3P":-0.0230959319,"d3P":-0.0381644554,"e3P":-0.0392811745,"f3P":-0.0145151159,"g3P":-0.0267653838,"h3P":-0.0014075552,"a4P":-0.0216673873,"b4P":-0.0170923602,"c4P":-0.0375554077,"d4P":0.0102586327,"e4P":-0.0225074347,"f4P":-0.0117719332,"g4P":-0.0291260388,"h4P":-0.0325518176,"a5P":-0.0369496793,"b5P":-0.0367581435,"c5P":0.0239116177,"d5P":-0.0257644709,"e5P":0.006458974,"f5P":-0.0091768559,"g5P":-0.0364309028,"h5P":0.0105283735,"a6P":0.0037596931,"b6P":-0.0397263132,"c6P":0.0198104177,"d6P":-0.023535084,"e6P":0.010380635,"f6P":-0.0300409105,"g6P":-0.0170971751,"h6P":0.0250581056,"a7P":-0.0182027556,"b7P":-0.0118174301,"c7P":0.0090443417,"d7P":-0.03474655,"e7P":-0.0348761901,"f7P":-0.0227136221,"g7P":-0.0217251163,"h7P":-0.0338942185,"a8P":-0.0249843113,"b8P":0.0092698261,"c8P":-0.014667023,"d8P":0.0103586502,"e8P":0.0043834746,"f8P":0.008379478,"g8P":-0.008292323,"h8P":-0.0335757174,"a1N":0.0020931275,"b1N":-0.0373118222,"c1N":-0.0075148614,"d1N":0.0052866712,"e1N":0.0283173844,"f1N":-0.038991075,"g1N":-0.009108522,"h1N":-0.025728099,"a2N":-0.004325245,"b2N":-0.0175078064,"c2N":-0.0155532919,"d2N":-0.0003705916,"e2N":-0.0162615515,"f2N":-0.0265229382,"g2N":-0.0162352901,"h2N":-0.0073393974,"a3N":0.0106741888,"b3N":0.0103701456,"c3N":0.0033402389,"d3N":-0.0362974405,"e3N":0.0296972319,"f3N":0.0002945382,"g3N":0.0032251198,"h3N":-0.025577398,"a4N":-0.0194163155,"b4N":0.0131374709,"c4N":-0.0125313494,"d4N":-0.0217050035,"e4N":-0.0178153683,"f4N":-0.0029493682,"g4N":0.0065255631,"h4N":0.0175228603,"a5N":0.0173240975,"b5N":0.024702251,"c5N":-0.0001909421,"d5N":0.0140178511,"e5N":0.0261827633,"f5N":0.0272535682,"g5N":-0.0323522091,"h5N":0.0128120035,"a6N":0.0091319,"b6N":-0.0193482172,"c6N":-0.0380126499,"d6N":-0.0001744427,"e6N":-0.0375608541,"f6N":-0.0088894665,"g6N":-0.0340695493,"h6N":0.0208078939,"a7N":0.0094040213,"b7N":-0.0184774343,"c7N":0.0101192556,"d7N":0.014578566,"e7N":0.016857041,"f7N":0.0270554386,"g7N":0.0213304274,"h7N":-0.0042585135,"a8N":-0.0001594111,"b8N":-0.0205691811,"c8N":-0.0338986106,"d8N":0.003844254,"e8N":0.0058373054,"f8N":-0.0283056684,"g8N":-0.0148333749,"h8N":0.0044207359,"a1B":-0.0257604942,"b1B":0.0217466876,"c1B":0.0234165527,"d1B":0.02573568,"e1B":0.0279932618,"f1B":-0.0238120556,"g1B":0.011638823,"h1B":-0.0148875611,"a2B":-0.0403846726,"b2B":-0.038131699,"c2B":0.0061147003,"d2B":0.0265247524,"e2B":-0.03764138,"f2B":-0.0091176303,"g2B":0.0167944375,"h2B":-0.0358678401,"a3B":0.0038982928,"b3B":-0.0275567174,"c3B":-0.0002947331,"d3B":0.0194035582,"e3B":0.0031312359,"f3B":-0.0137995984,"g3B":-0.0009438457,"h3B":0.0268756468,"a4B":0.0246957261,"b4B":0.0003774658,"c4B":0.0067653414,"d4B":-0.0229779687,"e4B":-0.0029495105,"f4B":0.0225975551,"g4B":0.0013206487,"h4B":0.0202577859,"a5B":-0.0056211487,"b5B":-0.0044005187,"c5B":-0.0224592201,"d5B":0.0033998932,"e5B":-0.0106597925,"f5B":-0.0057088174,"g5B":-0.0394266248,"h5B":0.0157020576,"a6B":-0.0136337113,"b6B":-0.0197870508,"c6B":-0.0157949254,"d6B":-0.0236899797,"e6B":0.0240955725,"f6B":0.0225596353,"g6B":0.0157111716,"h6B":-0.0290887877,"a7B":-0.0167552698,"b7B":0.0008114406,"c7B":-0.025721591,"d7B":-0.0349541344,"e7B":-0.0004890259,"f7B":0.0108779129,"g7B":-0.0201646704,"h7B":-0.0208532121,"a8B":-0.023202844,"b8B":0.0025335993,"c8B":-0.0378798023,"d8B":-0.0121524818,"e8B":-0.009895022,"f8B":-0.0380935669,"g8B":-0.0260112043,"h8B":0.0296096057,"a1R":0.0128282933,"b1R":0.0252919551,"c1R":-0.0289976019,"d1R":-0.0233432967,"e1R":0.0089456672,"f1R":-0.0312517323,"g1R":-0.0305380132,"h1R":-0.0150287934,"a2R":-0.0243393146,"b2R":-0.0379512012,"c2R":0.0102462946,"d2R":-0.0216789488,"e2R":0.0068648527,"f2R":0.0040944279,"g2R":-0.0399086475,"h2R":-0.0201265365,"a3R":0.0201392248,"b3R":-0.0034033686,"c3R":-0.0072865854,"d3R":-0.0198917147,"e3R":-0.0114158262,"f3R":0.0096834805,"g3R":-0.0212684032,"h3R":0.0126841087,"a4R":0.0099426443,"b4R":0.0179193784,"c4R":0.0293652378,"d4R":-0.0116089154,"e4R":0.0108247306,"f4R":0.0158813801,"g4R":-0.0391630158,"h4R":0.0156444609,"a5R":-0.0313376635,"b5R":-0.0310226381,"c5R":-0.0405522697,"d5R":-0.0194083266,"e5R":0.0223080702,"f5R":0.0007757085,"g5R":-0.0065182503,"h5R":-0.0188075304,"a6R":0.0097185597,"b6R":0.0270248391,"c6R":0.0046991627,"d6R":0.0069842474,"e6R":-0.0103681162,"f6R":-0.0100598503,"g6R":-0.0166598056,"h6R":-0.0071042022,"a7R":-0.0153341638,"b7R":0.0008173731,"c7R":-0.0212749094,"d7R":-0.0382708758,"e7R":0.0140738301,"f7R":-0.018130431,"g7R":0.0047231461,"h7R":-0.0259794667,"a8R":0.0126959626,"b8R":0.0123392986,"c8R":-0.0027759797,"d8R":0.0211535655,"e8R":-0.0254588276,"f8R":-0.0018954793,"g8R":0.0115902238,"h8R":-0.0073220409,"a1Q":-0.0182933901,"b1Q":-0.0003700157,"c1Q":-0.0020463825,"d1Q":0.0231282059,"e1Q":-0.0167508516,"f1Q":-0.0060813297,"g1Q":0.0016335977,"h1Q":0.0025650098,"a2Q":-0.0373422988,"b2Q":0.027763322,"c2Q":0.0149238575,"d2Q":-0.0207132176,"e2Q":0.0114650168,"f2Q":0.0292651448,"g2Q":0.0106715402,"h2Q":0.0031578578,"a3Q":0.0122222006,"b3Q":0.0018940251,"c3Q":-0.0015902559,"d3Q":0.0031339119,"e3Q":0.0109888017,"f3Q":-0.0077419784,"g3Q":-0.0038262946,"h3Q":0.0195042547,"a4Q":0.0005893677,"b4Q":-0.0133361295,"c4Q":-0.0175455604,"d4Q":-0.0075104479,"e4Q":0.0133712925,"f4Q":-0.0069116424,"g4Q":0.0067023323,"h4Q":0.008365754,"a5Q":-0.0302947909,"b5Q":0.0220329054,"c5Q":0.0038008962,"d5Q":-0.0260348376,"e5Q":-0.0137111228,"f5Q":-0.0161492527,"g5Q":-0.034659598,"h5Q":0.0103778457,"a6Q":-0.0301360004,"b6Q":0.0084324013,"c6Q":-0.0278675593,"d6Q":0.0035133632,"e6Q":0.0197493453,"f6Q":-0.0399786048,"g6Q":-0.0259777121,"h6Q":-0.0393893383,"a7Q":-0.0213761944,"b7Q":0.0191143826,"c7Q":0.0164593365,"d7Q":-0.0121544702,"e7Q":-0.0154218869,"f7Q":0.0068041594,"g7Q":0.0021224846,"h7Q":-0.0116280513,"a8Q":0.0277526379,"b8Q":0.0280692987,"c8Q":-0.0317229629,"d8Q":-0.027538985,"e8Q":-0.0304913782,"f8Q":0.0266398266,"g8Q":0.0244891755,"h8Q":-0.0002884779,"a1K":-0.0117421448,"b1K":-0.0360800959,"c1K":-0.0170473531,"d1K":-0.0185907017,"e1K":0.00281638,"f1K":0.0093635414,"g1K":0.0232610293,"h1K":-0.0087799625,"a2K":0.024752738,"b2K":0.0225869752,"c2K":-0.0166912898,"d2K":0.0178610627,"e2K":-0.0367761254,"f2K":-0.0182244964,"g2K":-0.0397729129,"h2K":-0.0380503424,"a3K":-0.0176286567,"b3K":-0.0009750883,"c3K":-0.0114949998,"d3K":0.0291045289,"e3K":0.0149626369,"f3K":-0.0316921771,"g3K":-0.0343927369,"h3K":-0.0266045835,"a4K":-0.0271295905,"b4K":-0.0414266996,"c4K":0.0116874278,"d4K":0.0260595921,"e4K":0.0144455479,"f4K":-0.0083169797,"g4K":0.0034522114,"h4K":-0.0370287262,"a5K":0.0186646953,"b5K":-0.0070517901,"c5K":-0.0166314263,"d5K":0.0003932796,"e5K":-0.0297248438,"f5K":0.0251597073,"g5K":-0.0182986278,"h5K":-0.0050293123,"a6K":-0.038275186,"b6K":-0.0024085841,"c6K":-0.0031939861,"d6K":-0.0060587628,"e6K":-0.0122112259,"f6K":-0.0383391269,"g6K":0.0286658555,"h6K":-0.0275761951,"a7K":-0.0091426754,"b7K":0.0259240028,"c7K":-0.0156498253,"d7K":0.0196295176,"e7K":-0.0065450156,"f7K":-0.0287769902,"g7K":0.0306807011,"h7K":0.0280398224,"a8K":-0.0255806763,"b8K":-0.0244333763,"c8K":0.0170275141,"d8K":-0.0152243888,"e8K":0.0030738248,"f8K":-0.0076929801,"g8K":-0.0262091774,"h8K":-0.0026259646,"K":-0.0404143184,"Q":-0.0314149968,"a1p":0.0322370045,"b1p":0.0208192617,"c1p":0.0120649561,"d1p":-0.0246112011,"e1p":-0.0097237024,"f1p":0.0099315569,"g1p":-0.0202103741,"h1p":-0.0341976359,"a2p":-0.0287393238,"b2p":-0.0018228845,"c2p":0.01976314,"d2p":-0.0079285735,"e2p":-0.008049747,"f2p":0.0000031642,"g2p":-0.0311763063,"h2p":-0.01934685,"a3p":-0.036235746,"b3p":-0.0161802452,"c3p":0.005366222,"d3p":0.0019823879,"e3p":-0.0150669338,"f3p":0.0252113584,"g3p":-0.0240912754,"h3p":-0.0000118795,